algorithm,num_agents,starts,goals,D_SAFE,T_TAR,success,total_time_s,ct_nodes,find_path_calls,per_uav_path_length,total_path_length,min_pairwise_dist,per_uav_arrival_time,arrival_time_std,conflict_count,notes
MCBS,2,"[(20, 20, 0), (80, 80, 0)]","[(80, 80, 0), (20, 20, 0)]",3,1,FALSE,65.0447,25,118,[],0,0,[],0,,timeout after 60s
Sparse_Astar_Only,2,"[(20, 20, 0), (80, 80, 0)]","[(80, 80, 0), (20, 20, 0)]",3,1,TRUE,0.0244,0,2,"[168.8528137423857, 168.85281374238602]",337.7056275,0.852813742,"[86.0, 86.0]",0,7,"baseline conflicts: {'vertex': 3, 'edge': 4, 'time': 0, 'total': 7}"
MCBS,3,"[(20, 20, 0), (80, 20, 0), (50, 80, 0)]","[(80, 80, 0), (20, 80, 0), (50, 20, 0)]",3,1,FALSE,65.0198,26,112,[],0,0,[],0,,timeout after 60s
Sparse_Astar_Only,3,"[(20, 20, 0), (80, 20, 0), (50, 80, 0)]","[(80, 80, 0), (20, 80, 0), (50, 20, 0)]",3,1,TRUE,0.055,0,3,"[168.8528137423857, 168.8528137423857, 119.0]",456.7056275,0.60303038,"[86.0, 86.0, 61.0]",11.78511302,9,"baseline conflicts: {'vertex': 4, 'edge': 4, 'time': 1, 'total': 9}"
MCBS,2,"[(20, 30, 0), (20, 70, 0)]","[(80, 30, 0), (80, 70, 0)]",3,1,TRUE,0.0281,1,2,"[119.0, 119.0]",238,40,"[61.0, 61.0]",0,,success
Sparse_Astar_Only,2,"[(20, 30, 0), (20, 70, 0)]","[(80, 30, 0), (80, 70, 0)]",3,1,TRUE,0.0336,0,2,"[119.0, 119.0]",238,40,"[61.0, 61.0]",0,0,"baseline conflicts: {'vertex': 0, 'edge': 0, 'time': 0, 'total': 0}"
MCBS,3,"[(20, 20, 0), (20, 50, 0), (20, 80, 0)]","[(80, 20, 0), (80, 50, 0), (80, 80, 0)]",3,1,TRUE,0.0491,1,3,"[119.0, 119.0, 119.0]",357,30,"[61.0, 61.0, 61.0]",0,,success
Sparse_Astar_Only,3,"[(20, 20, 0), (20, 50, 0), (20, 80, 0)]","[(80, 20, 0), (80, 50, 0), (80, 80, 0)]",3,1,TRUE,0.0497,0,3,"[119.0, 119.0, 119.0]",357,30,"[61.0, 61.0, 61.0]",0,0,"baseline conflicts: {'vertex': 0, 'edge': 0, 'time': 0, 'total': 0}"
MCBS,2,"[(15, 30, 0), (70, 60, 0)]","[(85, 70, 0), (25, 25, 0)]",3,1,TRUE,1.8084,3,12,"[160.6225774829855, 138.14939028428026]",298.7719678,19.309243,"[82.0, 83.0]",0.5,,success
Sparse_Astar_Only,2,"[(15, 30, 0), (70, 60, 0)]","[(85, 70, 0), (25, 25, 0)]",3,1,TRUE,0.0374,0,2,"[160.6225774829855, 113.00877125495694]",273.6313487,5.703927107,"[82.0, 58.0]",12,1,"baseline conflicts: {'vertex': 0, 'edge': 0, 'time': 1, 'total': 1}"
MCBS,2,"[(20, 20, 0), (80, 80, 0)]","[(80, 80, 0), (20, 20, 0)]",3,1,TRUE,0.1975,48,96,"[85.6760675344233, 85.26517601307701]",170.9412435,3.556830041,"[44.0, 44.0]",0,,success
Sparse_Astar_Only,2,"[(20, 20, 0), (80, 80, 0)]","[(80, 80, 0), (20, 20, 0)]",3,1,TRUE,0.0033,0,2,"[84.85281374238568, 84.85281374238565]",169.7056275,0.852813742,"[43.0, 43.0]",0,3,"baseline conflicts: {'vertex': 1, 'edge': 2, 'time': 0, 'total': 3}"
CBS,2,"[(20, 20, 0), (80, 80, 0)]","[(80, 80, 0), (20, 20, 0)]",3,1,TRUE,0.0463,12,24,"[86.70922020293673, 84.85281374238565]",171.5620339,3.56753294,"[44.0, 43.0]",0.5,,CBS success
MCBS,3,"[(20, 20, 0), (80, 20, 0), (50, 80, 0)]","[(80, 80, 0), (20, 80, 0), (50, 20, 0)]",3,1,TRUE,0.2062,46,105,"[86.09041804941972, 85.67606753442331, 60.0]",231.7664856,3.273735766,"[44.0, 44.0, 43.0]",0.471404521,,success
Sparse_Astar_Only,3,"[(20, 20, 0), (80, 20, 0), (50, 80, 0)]","[(80, 80, 0), (20, 80, 0), (50, 20, 0)]",3,1,TRUE,0.0038,0,3,"[84.85281374238568, 84.85281374238568, 60.0]",229.7056275,0.60303038,"[43.0, 43.0, 31.0]",5.656854249,5,"baseline conflicts: {'vertex': 2, 'edge': 2, 'time': 1, 'total': 5}"
CBS,3,"[(20, 20, 0), (80, 20, 0), (50, 80, 0)]","[(80, 80, 0), (20, 80, 0), (50, 20, 0)]",3,1,TRUE,0.0815,20,41,"[84.85281374238568, 86.70922020293672, 60.0]",231.5620339,3.516197611,"[43.0, 44.0, 31.0]",5.906681716,,CBS success
MCBS,2,"[(20, 30, 0), (20, 70, 0)]","[(80, 30, 0), (80, 70, 0)]",3,1,TRUE,0.0021,1,2,"[60.0, 60.0]",120,40,"[31.0, 31.0]",0,,success
Sparse_Astar_Only,2,"[(20, 30, 0), (20, 70, 0)]","[(80, 30, 0), (80, 70, 0)]",3,1,TRUE,0.0019,0,2,"[60.0, 60.0]",120,40,"[31.0, 31.0]",0,0,"baseline conflicts: {'vertex': 0, 'edge': 0, 'time': 0, 'total': 0}"
CBS,2,"[(20, 30, 0), (20, 70, 0)]","[(80, 30, 0), (80, 70, 0)]",3,1,TRUE,0.002,1,2,"[60.0, 60.0]",120,40,"[31.0, 31.0]",0,,CBS success
MCBS,3,"[(20, 20, 0), (20, 50, 0), (20, 80, 0)]","[(80, 20, 0), (80, 50, 0), (80, 80, 0)]",3,1,TRUE,0.0041,1,3,"[60.0, 60.0, 60.0]",180,30,"[31.0, 31.0, 31.0]",0,,success
Sparse_Astar_Only,3,"[(20, 20, 0), (20, 50, 0), (20, 80, 0)]","[(80, 20, 0), (80, 50, 0), (80, 80, 0)]",3,1,TRUE,0.0029,0,3,"[60.0, 60.0, 60.0]",180,30,"[31.0, 31.0, 31.0]",0,0,"baseline conflicts: {'vertex': 0, 'edge': 0, 'time': 0, 'total': 0}"
CBS,3,"[(20, 20, 0), (20, 50, 0), (20, 80, 0)]","[(80, 20, 0), (80, 50, 0), (80, 80, 0)]",3,1,TRUE,0.003,1,3,"[60.0, 60.0, 60.0]",180,30,"[31.0, 31.0, 31.0]",0,,CBS success
MCBS,2,"[(15, 30, 0), (70, 60, 0)]","[(85, 70, 0), (25, 25, 0)]",3,1,TRUE,0.0418,11,32,"[80.62257748298548, 57.00877125495691]",137.6313487,5.859023637,"[41.0, 40.0]",0.5,,success
Sparse_Astar_Only,2,"[(15, 30, 0), (70, 60, 0)]","[(85, 70, 0), (25, 25, 0)]",3,1,TRUE,0.0023,0,2,"[80.62257748298548, 57.00877125495691]",137.6313487,5.859023637,"[41.0, 30.0]",5.5,1,"baseline conflicts: {'vertex': 0, 'edge': 0, 'time': 1, 'total': 1}"
CBS,2,"[(15, 30, 0), (70, 60, 0)]","[(85, 70, 0), (25, 25, 0)]",3,1,TRUE,0.0024,1,2,"[80.62257748298548, 57.00877125495691]",137.6313487,5.859023637,"[41.0, 30.0]",5.5,,CBS success
MCBS,2,"[(20, 20, 0), (80, 80, 0)]","[(80, 80, 0), (20, 20, 0)]",3,1,TRUE,0.264,45,90,"[85.6760675344233, 85.26517601307701]",170.9412435,3.556830041,"[44.0, 44.0]",0,,success
Sparse_Astar_Only,2,"[(20, 20, 0), (80, 80, 0)]","[(80, 80, 0), (20, 20, 0)]",3,1,TRUE,0.0061,0,2,"[84.85281374238568, 84.85281374238565]",169.7056275,0.852813742,"[43.0, 43.0]",0,3,"baseline conflicts: {'vertex': 1, 'edge': 2, 'time': 0, 'total': 3}"
CBS,2,"[(20, 20, 0), (80, 80, 0)]","[(80, 80, 0), (20, 20, 0)]",3,1,TRUE,0.1137,20,40,"[86.70922020293673, 84.85281374238565]",171.5620339,3.56753294,"[44.0, 43.0]",0.5,,CBS success
MCBS,3,"[(20, 20, 0), (80, 20, 0), (50, 80, 0)]","[(80, 80, 0), (20, 80, 0), (50, 20, 0)]",3,1,TRUE,0.1981,31,75,"[86.09041804941972, 85.67606753442331, 60.0]",231.7664856,3.273735766,"[44.0, 44.0, 43.0]",0.471404521,,success
Sparse_Astar_Only,3,"[(20, 20, 0), (80, 20, 0), (50, 80, 0)]","[(80, 80, 0), (20, 80, 0), (50, 20, 0)]",3,1,TRUE,0.0051,0,3,"[84.85281374238568, 84.85281374238568, 60.0]",229.7056275,0.60303038,"[43.0, 43.0, 31.0]",5.656854249,5,"baseline conflicts: {'vertex': 2, 'edge': 2, 'time': 1, 'total': 5}"
CBS,3,"[(20, 20, 0), (80, 20, 0), (50, 80, 0)]","[(80, 80, 0), (20, 80, 0), (50, 20, 0)]",3,1,TRUE,0.0819,15,31,"[86.70922020293673, 84.85281374238568, 60.0]",231.5620339,3.516197611,"[44.0, 43.0, 31.0]",5.906681716,,CBS success
MCBS,2,"[(20, 30, 0), (20, 70, 0)]","[(80, 30, 0), (80, 70, 0)]",3,1,TRUE,0.0032,1,2,"[60.0, 60.0]",120,40,"[31.0, 31.0]",0,,success
Sparse_Astar_Only,2,"[(20, 30, 0), (20, 70, 0)]","[(80, 30, 0), (80, 70, 0)]",3,1,TRUE,0.0035,0,2,"[60.0, 60.0]",120,40,"[31.0, 31.0]",0,0,"baseline conflicts: {'vertex': 0, 'edge': 0, 'time': 0, 'total': 0}"
CBS,2,"[(20, 30, 0), (20, 70, 0)]","[(80, 30, 0), (80, 70, 0)]",3,1,TRUE,0.0034,1,2,"[60.0, 60.0]",120,40,"[31.0, 31.0]",0,,CBS success
MCBS,3,"[(20, 20, 0), (20, 50, 0), (20, 80, 0)]","[(80, 20, 0), (80, 50, 0), (80, 80, 0)]",3,1,TRUE,0.0055,1,3,"[60.0, 60.0, 60.0]",180,30,"[31.0, 31.0, 31.0]",0,,success
Sparse_Astar_Only,3,"[(20, 20, 0), (20, 50, 0), (20, 80, 0)]","[(80, 20, 0), (80, 50, 0), (80, 80, 0)]",3,1,TRUE,0.0044,0,3,"[60.0, 60.0, 60.0]",180,30,"[31.0, 31.0, 31.0]",0,0,"baseline conflicts: {'vertex': 0, 'edge': 0, 'time': 0, 'total': 0}"
CBS,3,"[(20, 20, 0), (20, 50, 0), (20, 80, 0)]","[(80, 20, 0), (80, 50, 0), (80, 80, 0)]",3,1,TRUE,0.0045,1,3,"[60.0, 60.0, 60.0]",180,30,"[31.0, 31.0, 31.0]",0,,CBS success
MCBS,2,"[(15, 30, 0), (70, 60, 0)]","[(85, 70, 0), (25, 25, 0)]",3,1,TRUE,0.0613,11,32,"[80.62257748298548, 57.00877125495691]",137.6313487,5.859023637,"[41.0, 40.0]",0.5,,success
Sparse_Astar_Only,2,"[(15, 30, 0), (70, 60, 0)]","[(85, 70, 0), (25, 25, 0)]",3,1,TRUE,0.0036,0,2,"[80.62257748298548, 57.00877125495691]",137.6313487,5.859023637,"[41.0, 30.0]",5.5,1,"baseline conflicts: {'vertex': 0, 'edge': 0, 'time': 1, 'total': 1}"
CBS,2,"[(15, 30, 0), (70, 60, 0)]","[(85, 70, 0), (25, 25, 0)]",3,1,TRUE,0.0044,1,2,"[80.62257748298548, 57.00877125495691]",137.6313487,5.859023637,"[41.0, 30.0]",5.5,,CBS success
MCBS,2,"[(20, 20, 0), (80, 80, 0)]","[(80, 80, 0), (20, 20, 0)]",3,1,TRUE,0.2707,48,96,"[85.6760675344233, 85.26517601307701]",170.9412435,3.556830041,"[44.0, 44.0]",0,,success
Sparse_Astar_Only,2,"[(20, 20, 0), (80, 80, 0)]","[(80, 80, 0), (20, 20, 0)]",3,1,TRUE,0.0065,0,2,"[84.85281374238568, 84.85281374238565]",169.7056275,0.852813742,"[43.0, 43.0]",0,3,"baseline conflicts: {'vertex': 1, 'edge': 2, 'time': 0, 'total': 3}"
CBS,2,"[(20, 20, 0), (80, 80, 0)]","[(80, 80, 0), (20, 20, 0)]",3,1,TRUE,0.1096,20,40,"[86.70922020293673, 84.85281374238565]",171.5620339,3.56753294,"[44.0, 43.0]",0.5,,CBS success
MCBS,3,"[(20, 20, 0), (80, 20, 0), (50, 80, 0)]","[(80, 80, 0), (20, 80, 0), (50, 20, 0)]",3,1,TRUE,0.2642,39,91,"[86.09041804941972, 85.67606753442331, 60.0]",231.7664856,3.273735766,"[44.0, 44.0, 43.0]",0.471404521,,success
Sparse_Astar_Only,3,"[(20, 20, 0), (80, 20, 0), (50, 80, 0)]","[(80, 80, 0), (20, 80, 0), (50, 20, 0)]",3,1,TRUE,0.0052,0,3,"[84.85281374238568, 84.85281374238568, 60.0]",229.7056275,0.60303038,"[43.0, 43.0, 31.0]",5.656854249,5,"baseline conflicts: {'vertex': 2, 'edge': 2, 'time': 1, 'total': 5}"
CBS,3,"[(20, 20, 0), (80, 20, 0), (50, 80, 0)]","[(80, 80, 0), (20, 80, 0), (50, 20, 0)]",3,1,TRUE,0.0885,16,33,"[86.70922020293673, 84.85281374238568, 60.0]",231.5620339,3.516197611,"[44.0, 43.0, 31.0]",5.906681716,,CBS success
MCBS,2,"[(20, 30, 0), (20, 70, 0)]","[(80, 30, 0), (80, 70, 0)]",3,1,TRUE,0.0045,1,2,"[60.0, 60.0]",120,40,"[31.0, 31.0]",0,,success
Sparse_Astar_Only,2,"[(20, 30, 0), (20, 70, 0)]","[(80, 30, 0), (80, 70, 0)]",3,1,TRUE,0.0035,0,2,"[60.0, 60.0]",120,40,"[31.0, 31.0]",0,0,"baseline conflicts: {'vertex': 0, 'edge': 0, 'time': 0, 'total': 0}"
CBS,2,"[(20, 30, 0), (20, 70, 0)]","[(80, 30, 0), (80, 70, 0)]",3,1,TRUE,0.004,1,2,"[60.0, 60.0]",120,40,"[31.0, 31.0]",0,,CBS success
MCBS,3,"[(20, 20, 0), (20, 50, 0), (20, 80, 0)]","[(80, 20, 0), (80, 50, 0), (80, 80, 0)]",3,1,TRUE,0.0063,1,3,"[60.0, 60.0, 60.0]",180,30,"[31.0, 31.0, 31.0]",0,,success
Sparse_Astar_Only,3,"[(20, 20, 0), (20, 50, 0), (20, 80, 0)]","[(80, 20, 0), (80, 50, 0), (80, 80, 0)]",3,1,TRUE,0.0046,0,3,"[60.0, 60.0, 60.0]",180,30,"[31.0, 31.0, 31.0]",0,0,"baseline conflicts: {'vertex': 0, 'edge': 0, 'time': 0, 'total': 0}"
CBS,3,"[(20, 20, 0), (20, 50, 0), (20, 80, 0)]","[(80, 20, 0), (80, 50, 0), (80, 80, 0)]",3,1,TRUE,0.0057,1,3,"[60.0, 60.0, 60.0]",180,30,"[31.0, 31.0, 31.0]",0,,CBS success
MCBS,2,"[(15, 30, 0), (70, 60, 0)]","[(85, 70, 0), (25, 25, 0)]",3,1,TRUE,0.0577,11,32,"[80.62257748298548, 57.00877125495691]",137.6313487,5.859023637,"[41.0, 40.0]",0.5,,success
Sparse_Astar_Only,2,"[(15, 30, 0), (70, 60, 0)]","[(85, 70, 0), (25, 25, 0)]",3,1,TRUE,0.0034,0,2,"[80.62257748298548, 57.00877125495691]",137.6313487,5.859023637,"[41.0, 30.0]",5.5,1,"baseline conflicts: {'vertex': 0, 'edge': 0, 'time': 1, 'total': 1}"
CBS,2,"[(15, 30, 0), (70, 60, 0)]","[(85, 70, 0), (25, 25, 0)]",3,1,TRUE,0.0049,1,2,"[80.62257748298548, 57.00877125495691]",137.6313487,5.859023637,"[41.0, 30.0]",5.5,,CBS success
MCBS,2,"[(24, 13, 8), (23, 79, 2)]","[(41, 38, 4), (85, 64, 1)]",3,1,TRUE,0.0573,17,50,"[31.22405684098959, 64.02478171276803]",95.24883855,35.78843788,"[32.0, 33.0]",0.5,,success
Sparse_Astar_Only,2,"[(24, 13, 8), (23, 79, 2)]","[(41, 38, 4), (85, 64, 1)]",3,1,TRUE,0.0024,0,2,"[31.22405684098959, 64.02478171276803]",95.24883855,35.78843788,"[16.0, 33.0]",8.5,1,"baseline conflicts: {'vertex': 0, 'edge': 0, 'time': 1, 'total': 1}"
CBS,2,"[(24, 13, 8), (23, 79, 2)]","[(41, 38, 4), (85, 64, 1)]",3,1,TRUE,0.0026,1,2,"[31.22405684098959, 64.02478171276803]",95.24883855,35.78843788,"[16.0, 33.0]",8.5,,CBS success
MCBS,2,"[(13, 21, 6), (13, 81, 6)]","[(39, 74, 19), (79, 63, 7)]",3,1,TRUE,0.0207,4,11,"[62.45942290502224, 68.60971899154436]",131.0691419,26.25258012,"[34.0, 35.0]",0.5,,success
Sparse_Astar_Only,2,"[(13, 21, 6), (13, 81, 6)]","[(39, 74, 19), (79, 63, 7)]",3,1,TRUE,0.0032,0,2,"[62.45942290502224, 68.60971899154436]",131.0691419,26.25258012,"[31.0, 35.0]",2,1,"baseline conflicts: {'vertex': 0, 'edge': 0, 'time': 1, 'total': 1}"
CBS,2,"[(13, 21, 6), (13, 81, 6)]","[(39, 74, 19), (79, 63, 7)]",3,1,TRUE,0.0039,1,2,"[62.45942290502224, 68.60971899154436]",131.0691419,26.25258012,"[31.0, 35.0]",2,,CBS success
MCBS,2,"[(67, 85, 8), (21, 58, 3)]","[(10, 30, 13), (55, 54, 19)]",3,1,TRUE,0.09,23,68,"[80.48219357998785, 38.46574320450661]",118.9479368,14.12585901,"[41.0, 40.0]",0.5,,success
Sparse_Astar_Only,2,"[(67, 85, 8), (21, 58, 3)]","[(10, 30, 13), (55, 54, 19)]",3,1,TRUE,0.0042,0,2,"[80.48219357998785, 38.46574320450661]",118.9479368,14.12585901,"[41.0, 18.0]",11.5,1,"baseline conflicts: {'vertex': 0, 'edge': 0, 'time': 1, 'total': 1}"
CBS,2,"[(67, 85, 8), (21, 58, 3)]","[(10, 30, 13), (55, 54, 19)]",3,1,TRUE,0.0029,1,2,"[80.48219357998785, 38.46574320450661]",118.9479368,14.12585901,"[41.0, 18.0]",11.5,,CBS success
MCBS,2,"[(43, 15, 14), (20, 80, 9)]","[(78, 25, 12), (90, 89, 11)]",3,1,TRUE,0.0653,17,50,"[36.85442933287672, 71.02073605878137]",107.8751654,62.02194843,"[35.0, 36.0]",0.5,,success
Sparse_Astar_Only,2,"[(43, 15, 14), (20, 80, 9)]","[(78, 25, 12), (90, 89, 11)]",3,1,TRUE,0.0035,0,2,"[36.85442933287672, 71.02073605878137]",107.8751654,63.69521099,"[19.0, 36.0]",8.5,1,"baseline conflicts: {'vertex': 0, 'edge': 0, 'time': 1, 'total': 1}"
CBS,2,"[(43, 15, 14), (20, 80, 9)]","[(78, 25, 12), (90, 89, 11)]",3,1,TRUE,0.0038,1,2,"[36.85442933287672, 71.02073605878137]",107.8751654,63.69521099,"[19.0, 36.0]",8.5,,CBS success
MCBS,2,"[(83, 34, 2), (20, 39, 3)]","[(15, 39, 9), (58, 45, 14)]",3,1,TRUE,0.0625,15,44,"[70.04116222866061, 41.32901306298169]",111.3701753,12.78729962,"[35.0, 34.0]",0.5,,success
Sparse_Astar_Only,2,"[(83, 34, 2), (20, 39, 3)]","[(15, 39, 9), (58, 45, 14)]",3,1,TRUE,0.0084,0,2,"[70.04116222866061, 41.32901306298169]",111.3701753,12.78729962,"[35.0, 20.0]",7.5,1,"baseline conflicts: {'vertex': 0, 'edge': 0, 'time': 1, 'total': 1}"
CBS,2,"[(83, 34, 2), (20, 39, 3)]","[(15, 39, 9), (58, 45, 14)]",3,1,TRUE,0.0033,1,2,"[70.04116222866061, 41.32901306298169]",111.3701753,12.78729962,"[35.0, 20.0]",7.5,,CBS success
MCBS,3,"[(16, 44, 2), (14, 58, 17), (16, 30, 4)]","[(62, 44, 3), (81, 52, 10), (53, 81, 10)]",3,1,TRUE,0.065,12,36,"[46.236067977499786, 69.12655751751002, 64.56772578932606]",179.9303513,6.671837112,"[34.0, 35.0, 34.0]",0.471404521,,success
Sparse_Astar_Only,3,"[(16, 44, 2), (14, 58, 17), (16, 30, 4)]","[(62, 44, 3), (81, 52, 10), (53, 81, 10)]",3,1,TRUE,0.0049,0,3,"[46.236067977499786, 69.12655751751002, 64.56772578932606]",179.9303513,6.671837112,"[24.0, 35.0, 33.0]",4.784233365,2,"baseline conflicts: {'vertex': 0, 'edge': 0, 'time': 2, 'total': 2}"
CBS,3,"[(16, 44, 2), (14, 58, 17), (16, 30, 4)]","[(62, 44, 3), (81, 52, 10), (53, 81, 10)]",3,1,TRUE,0.005,1,3,"[46.236067977499786, 69.12655751751002, 64.56772578932606]",179.9303513,6.671837112,"[24.0, 35.0, 33.0]",4.784233365,,CBS success
MCBS,3,"[(41, 30, 0), (58, 18, 0), (65, 83, 15)]","[(65, 21, 19), (50, 67, 3), (43, 70, 1)]",3,1,TRUE,54.4031,20,60,"[37.02108085817499, 50.38344346898762, 29.273298276121533]",116.6778226,8.458404317,"[25.0, 26.0, 25.0]",0.471404521,,success
Sparse_Astar_Only,3,"[(41, 30, 0), (58, 18, 0), (65, 83, 15)]","[(65, 21, 19), (50, 67, 3), (43, 70, 1)]",3,1,TRUE,2.1769,0,3,"[37.02108085817499, 50.38344346898762, 29.273298276121533]",116.6778226,8.458404317,"[17.0, 26.0, 14.0]",5.099019514,2,"baseline conflicts: {'vertex': 0, 'edge': 0, 'time': 2, 'total': 2}"
CBS,3,"[(41, 30, 0), (58, 18, 0), (65, 83, 15)]","[(65, 21, 19), (50, 67, 3), (43, 70, 1)]",3,1,TRUE,2.4292,1,3,"[37.02108085817499, 50.38344346898762, 29.273298276121533]",116.6778226,8.458404317,"[17.0, 26.0, 14.0]",5.099019514,,CBS success
MCBS,3,"[(49, 53, 16), (77, 82, 10), (63, 57, 16)]","[(71, 36, 19), (11, 60, 20), (14, 33, 2)]",3,1,TRUE,0.161,28,84,"[28.537554668677704, 72.18570196126859, 58.27872542386119]",159.0019821,5.86805208,"[35.0, 36.0, 35.0]",0.471404521,,success
Sparse_Astar_Only,3,"[(49, 53, 16), (77, 82, 10), (63, 57, 16)]","[(71, 36, 19), (11, 60, 20), (14, 33, 2)]",3,1,TRUE,0.0047,0,3,"[28.537554668677704, 72.18570196126859, 58.27872542386119]",159.0019821,5.86805208,"[15.0, 36.0, 28.0]",8.653836657,2,"baseline conflicts: {'vertex': 0, 'edge': 0, 'time': 2, 'total': 2}"
CBS,3,"[(49, 53, 16), (77, 82, 10), (63, 57, 16)]","[(71, 36, 19), (11, 60, 20), (14, 33, 2)]",3,1,TRUE,0.0056,1,3,"[28.537554668677704, 72.18570196126859, 58.27872542386119]",159.0019821,5.86805208,"[15.0, 36.0, 28.0]",8.653836657,,CBS success
